1,Ilyssa,Jefford,777-686-5111
2,Britteny,Brobeck,498-226-4509
3,Gardner,Grubbe,879-670-0860
4,Piggy,Vannah,791-297-2428
5,Hunt,Doige,346-776-0943
6,Sully,Rodenburg,622-329-1751
7,Lynelle,Lampert,687-572-0579
8,Kristoffer,Jervois,532-960-1219
9,Kelcey,Rosenfield,297-962-2102
10,Esmeralda,Wynter,365-737-6282
11,Thacher,Vasyutin,575-961-7307
12,Aubrie,Menichi,998-332-8558
13,Dell,Duncombe,724-160-7441
14,Seamus,Lyon,516-485-0621
15,Willamina,Wilshire,785-563-2253
16,Mildrid,Shillitoe,444-727-7440
17,Christi,Fiorentino,533-565-5598
18,Pinchas,Tidmas,988-660-1549
19,Zoe,Lutwidge,652-649-2146
20,Welbie,Gallego,260-592-8682
21,Tory,Inkpen,732-690-8789
22,Audi,Ierland,253-442-1394
23,Salvidor,Wolvey,781-419-7357
24,Durante,Teague,247-454-4805
25,Zena,Sissens,509-818-3408
26,Maryjane,Standeven,502-387-9264
27,Maren,Chrystal,351-266-2400
28,Jeri,Gerrans,403-226-1914
29,Dori,Pablos,819-627-6576
30,Matias,Justice,980-421-1567
31,Welsh,Copping,296-922-2237
32,Bea,Mullane,132-302-8481
33,Hymie,Dougliss,132-928-7667
34,Toiboid,Rentoll,970-179-7792
35,Vyky,Braisby,699-538-3161
36,Mitch,Watford,415-106-8283
37,Arlie,Leisk,501-578-9556
38,Helenelizabeth,Markham,674-127-0380
39,Georgina,Dymond,209-951-6892
40,Onfroi,Mosdell,145-870-4952
41,Catlaina,Northrop,572-203-6767
42,Rinaldo,Witton,137-662-0212
43,Pryce,McCrum,135-580-0512
44,Buffy,Tollett,304-626-4626
45,Consuelo,Lummis,175-179-1574
46,Alvera,Orton,326-393-5292
47,Jan,Davie,812-329-6642
48,Hilde,Maffy,927-537-4325
49,Napoleon,Vanyakin,192-931-8981
50,Cecilla,Donnelly,799-449-9880
51,Forester,Wellwood,972-806-5192
52,Krysta,Ciobutaro,974-377-1300
53,Laureen,Abbot,191-682-6513
54,Ruddy,Earl,672-182-2232
55,Riobard,McAsgill,852-633-0953
56,Bernette,Peerman,262-467-7878
57,Maible,Wheelton,267-978-3547
58,Bobinette,Mabb,490-938-3601
59,Tory,Goligly,724-737-2991
60,Cecil,Mulqueeny,123-563-2586
61,Tobi,Chritchlow,319-716-9663
62,Oran,Pisco,314-867-5822
63,Myrah,Kick,394-982-0863
64,Carolan,Peppard,444-496-5362
65,Clemmie,Bridgman,945-607-2083
66,Ailsun,Pearmine,314-774-0095
67,Neilla,Maruszewski,903-517-3383
68,Heddi,Hyrons,114-884-2343
69,Shoshanna,Aguirrezabal,303-150-1413
70,Conway,Stalley,920-162-8052
71,Granger,Cassie,676-875-0063
72,Kylen,Chalker,391-413-1368
73,Nanny,Kibel,282-428-4753
74,Calvin,Agostini,229-524-0998
75,Shelli,Olenov,415-529-7004
76,Bealle,Callicott,104-835-6693
77,Keriann,Scutchings,516-614-4933
78,Abbey,Routham,716-194-6585
79,Pyotr,Amner,493-968-9706
80,Nanny,Charteris,658-713-1401
81,Dorey,Christoffels,833-987-8752
82,Celestyna,Gull,728-358-5896
83,Reyna,Edmonston,406-240-8886
84,Evan,MacCahee,184-690-5781
85,Dyane,Milbank,764-274-4357
86,Melisande,Allom,158-311-6076
87,George,Tomlins,341-933-5366
88,Dayna,Kleinstern,918-134-9027
89,Agnes,Macrow,608-440-9161
90,Lena,Halliwell,863-966-4025
91,Tiffie,Leemans,159-543-7187
92,Carolann,Livsey,501-738-6620
93,Francisco,McAvaddy,147-918-7072
94,Marcelia,Postle,913-318-4466
95,Jana,Kubal,286-218-9393
96,Langston,Yankin,915-549-4276
97,Billi,Clemenzo,995-709-8416
98,Alex,Malkin,490-501-0661
99,Vinnie,Whiskin,531-315-3096
100,Coreen,Farish,224-232-5053
101,Celinda,Dymoke,318-593-1361
102,Valentino,Bearne,593-162-2896
103,Domenic,Fallis,644-144-9031
104,Adah,Esby,866-319-5367
105,Octavius,Linne,667-437-6307
106,Arnoldo,Folks,872-468-9361
107,Mufi,Stavers,672-412-2005
108,Dulcie,MacGiffin,291-606-9789
109,Lilah,Warlowe,465-845-2974
110,Cyndy,Bethune,591-154-8660
111,Niven,Jarred,687-766-4624
112,Eirena,Gettins,237-591-3499
113,Winny,Dayne,783-976-5587
114,Korney,Francescone,773-816-6931
115,Jesse,Latliff,355-246-2587
116,Evvy,Domini,329-792-8192
117,Ky,Merfin,540-358-0467
118,Federico,Feechan,480-550-9380
119,Beverlie,Easdon,289-644-3858
120,Reginald,Barneville,946-435-0965
121,Elvira,Waldera,674-774-4402
122,Lisbeth,Bernardoux,485-649-2586
123,Wash,Menichino,454-974-7510
124,Betsy,Gallico,624-337-6793
125,Reid,Kell,182-738-2691
126,Claresta,Tipens,707-377-9744
127,Amory,Reddyhoff,124-326-7260
128,Ginelle,Lashmar,239-307-5669
129,Blythe,Ginty,249-188-3486
130,Melitta,Eberlein,367-762-2281
131,Gavan,Davydzenko,687-879-0535
132,Bekki,Pearsall,649-971-1557
133,Pansie,Cutbirth,992-191-4290
134,Ofilia,Thumim,132-123-7452
135,Obadias,Smithers,641-921-6049
136,Cloe,Petry,387-548-7582
137,Ina,Kurt,631-274-3038
138,Matthias,Frowen,260-639-0707
139,Geordie,Hastelow,242-169-3825
140,Rina,Gaule,378-934-5626
141,Aggi,MacAskie,873-745-4455
142,Liv,Farfolomeev,206-436-4996
143,Rustie,Vanyashin,486-716-4405
144,Artair,Braganca,829-966-8113
145,Andee,Dauney,767-170-8295
146,Batholomew,Dunklee,596-733-9883
147,Smith,Held,415-219-0514
148,Julianne,Taberner,410-652-2861
149,Sissy,Fricke,261-675-0144
150,Briggs,Becarra,817-888-1240
151,Sonja,Tregaskis,339-656-1503
152,Marietta,Smalecombe,281-468-3225
153,Palmer,Helmke,620-934-9747
154,Germain,Scammell,133-518-0600
155,Elyse,Arkill,329-598-0005
156,Dion,Giovanni,452-100-4233
157,Mavra,McCree,728-494-8089
158,Cleopatra,Thorndale,451-531-5652
159,Valentine,Kelly,913-579-7601
160,Jaimie,Scrancher,304-104-6294
161,Liliane,Taveriner,352-697-9127
162,Caressa,Aubert,242-731-4555
163,Adrien,Sircombe,679-580-5339
164,Esta,Tydd,433-664-5038
165,Jeremiah,Barkess,575-278-5128
166,Augy,Whymark,169-768-5835
167,Currey,Boorman,291-716-7257
168,Blisse,Quinnell,177-205-2131
169,Elbert,Wyd,486-579-2285
170,Redford,Fradson,895-199-3359
171,Fons,Jeandel,667-241-2195
172,Sile,Kleinert,353-478-6613
173,Haven,Echelle,450-864-6713
174,Rocky,Mayling,777-123-5032
175,Herminia,Hambric,919-812-1969
176,Katheryn,Rosthorn,291-265-0365
177,Ritchie,Wrixon,978-281-1788
178,Leanora,Longstaffe,817-690-1718
179,Ric,Hartburn,142-711-9258
180,Alina,Ottewill,370-199-5689
181,Novelia,Huchot,549-918-5952
182,Lucius,Boylan,418-206-8518
183,Lianne,Melato,173-914-9653
184,Jarad,Reilingen,335-867-2064
185,Ester,Gatteridge,869-452-5967
186,Maitilde,Marini,543-667-1659
187,Filmore,Ausher,438-726-7943
188,Minda,Mineghelli,328-611-8604
189,Barrie,Niemiec,459-326-9811
190,Tonya,Giocannoni,307-212-4606
191,Marybelle,Husbands,308-710-5348
192,Rhett,McMeyler,198-634-2204
193,Bren,Bichener,909-319-2428
194,Anderson,Newby,284-211-2729
195,Braden,Bramo,615-872-8087
196,Curcio,Althorpe,345-919-5483
197,Joshuah,Maslen,774-488-6716
198,Karalynn,Woolnough,803-176-4567
199,Nariko,Shalders,888-965-8486
200,Rodge,Mc Kellen,187-408-7467
201,Reinhard,Newlan,486-410-3464
202,Giraud,Twigg,370-534-8530
203,Shaine,Swatridge,836-249-1379
204,Koren,Behling,513-564-6357
205,Earle,Corey,516-337-5961
206,Skippy,Pracy,859-295-3659
207,Randa,Burrells,712-849-3458
208,Patricio,Triggle,454-895-7532
209,Marilee,Blackborough,715-661-0692
210,Muffin,Qusklay,358-569-6272
211,Adda,Kembrey,130-541-9941
212,Beatrix,Vanyutin,584-444-6058
213,Caren,Eixenberger,253-991-7489
214,Mireille,Giacubo,916-488-6439
215,Dorice,Peaple,191-689-6167
216,Garwin,Sculley,956-945-7177
217,Monty,Dannel,348-877-9884
218,Con,Dewire,861-711-2706
219,Abbi,Piper,479-346-2782
220,Darcey,Ashby,367-381-7979
221,Niven,Beven,893-252-7842
222,Harold,Phaup,103-714-0292
223,Vally,Gascoyne,649-139-4669
224,Carlo,Varney,227-194-1736
225,Karil,Chalcot,382-100-8264
226,Carolin,Chardin,944-704-1788
227,Loretta,Mahmood,705-619-7521
228,Marlo,Cottage,471-947-0975
229,Ralf,Bidewell,499-757-1796
230,Trever,Hutable,281-118-6982
231,Emilia,Canacott,646-805-4889
232,Edsel,Dignan,569-342-8070
233,Brennan,Shirley,201-176-7514
234,Sibella,Ottawell,184-925-7613
235,Noe,Creser,515-873-9647
236,Vernor,Brundale,943-563-5813
237,Hazel,Wride,248-203-3148
238,Brandise,Gaitone,426-273-6192
239,Nanete,Vallerine,491-375-6888
240,Hadley,enzley,199-651-6582
241,Gerrilee,Preble,299-929-1499
242,Bari,Rishbrook,623-541-8546
243,Gideon,MacSorley,677-256-8787
244,Modestia,Manthroppe,388-967-0924
245,Dick,Dearle-Palser,790-565-9210
246,Dore,Snellman,347-449-3446
247,Alfons,Coverley,440-950-7159
248,Sonya,Paddington,944-449-7506
249,Genevieve,Kundt,332-871-9293
250,Stephannie,Narrie,891-240-7711
251,Aeriel,Conti,882-883-5450
252,Maurise,Simononsky,287-826-2854
253,Dorie,Mintoft,563-916-5013
254,Whitney,Yeoland,388-984-2341
255,Xenia,Sheals,388-897-0676
256,Leela,Castelletti,398-272-5030
257,Lamont,Robet,505-665-0811
258,Bayard,Chason,266-169-8324
259,Bella,Lilywhite,849-147-2687
260,Fulvia,Capewell,436-260-3997
261,Deanna,Vakhlov,256-760-6691
262,Tracie,Cereceres,922-355-6583
263,Borg,Tremmel,416-520-7852
264,Abe,Burth,413-652-0642
265,Georgie,McLewd,687-637-9550
266,Noami,Testin,455-185-3962
267,Ame,Capin,483-423-8728
268,Alwin,Polglase,884-500-9360
269,Karlens,Baddoe,666-292-8082
270,Abbe,Champniss,328-617-3549
271,Terri-jo,Straw,432-792-3344
272,Glennie,Ciccotti,719-508-7636
273,Stavros,Kirkham,229-838-0483
274,Jeanelle,Wisam,622-175-2823
275,Bron,Water,877-745-4300
276,Reed,Thurby,764-674-0465
277,Kayla,McNeillie,490-742-2983
278,Valera,Beasant,990-532-9181
279,Meg,Van der Kruis,556-356-7452
280,Moore,Hise,947-439-1535
281,Savina,Kissock,300-594-6915
282,Trent,Roistone,510-871-1434
283,Kaitlynn,Snazle,590-365-5874
284,Jervis,Swallow,528-488-1116
285,Murial,Mozzini,936-491-0333
286,Jacinthe,Otterwell,801-969-5150
287,Coop,Carnie,237-576-6177
288,Ham,Trowle,976-340-8202
289,Denna,Snape,763-481-3299
290,Nadiya,Pallent,342-149-9767
291,Annalise,Bielby,626-224-2840
292,Nester,Lesor,299-799-4677
293,Nana,Lote,797-140-3036
294,Dulcinea,Dimeloe,683-827-6147
295,Tiebold,Morit,746-351-4742
296,Felipe,Lamprecht,629-166-1522
297,Brier,Szymonwicz,772-561-4916
298,Petunia,Seaward,857-740-9446
299,Pepi,Lindores,533-776-7892
300,Lura,Wingeatt,209-186-5460
301,Conrade,Titherington,415-374-7918
302,Halley,Clashe,473-367-5955
303,Averyl,Curnokk,358-318-9840
304,Jourdan,Grigoriscu,457-918-7747
305,Cindra,Causnett,607-809-5864
306,Tore,Ormonde,270-731-8658
307,Maurita,Busek,682-400-8679
308,Halley,Tassell,745-270-3121
309,Janeva,Bissett,334-367-0492
310,Roberto,Leynagh,521-176-6302
311,Moe,Dominguez,233-577-2767
312,Christy,Chessell,791-974-2635
313,Karolina,Rosenstock,960-295-7910
314,Malinda,Wilson,832-720-7265
315,Mozelle,Boatswain,163-429-8743
316,Portia,Spavon,662-169-4183
317,Sharai,McCreedy,460-109-6536
318,Nanny,Robilart,558-714-7789
319,Gannie,Goforth,950-995-4538
320,Roarke,McVittie,314-321-1351
321,Isadore,Cowthart,558-422-0274
322,Aldric,Headrick,875-714-3328
323,Tracey,Fassan,383-456-9783
324,Bee,Giddens,784-670-7340
325,Nicholle,Hawking,754-727-6799
326,Celesta,Broddle,870-464-1063
327,Kele,Hebbs,676-404-1889
328,Birk,Pesselt,285-272-3284
329,Tera,Josefer,333-647-7621
330,Georg,Norquoy,156-134-3549
331,Fitz,Rusk,908-848-2436
332,Powell,Nolleth,692-431-9248
333,Kamillah,Triggol,484-723-1294
334,Eustacia,Ferres,712-803-2256
335,Tami,Matthisson,409-230-6487
336,Chiquita,Toy,127-390-7995
337,Byran,Stannett,934-742-9287
338,Conan,Flewitt,212-105-6664
339,Winny,Edwardson,446-750-2272
340,Abey,Moloney,914-507-7956
341,Salvidor,Aharoni,819-282-9428
342,Melita,Petche,538-619-6786
343,Den,Ashdown,240-324-3061
344,Wandis,Gonthier,757-615-2313
345,Nancie,Kubu,818-379-4605
346,Carine,Hembrow,579-927-0826
347,Merrile,Danielski,612-114-8006
348,Broddie,Pudan,340-681-8723
349,Joelle,Gaine of England,469-834-7801
350,Giuditta,McKellen,107-438-4303
351,Aleksandr,Aslott,939-653-9278
352,Andy,Gillis,330-547-4636
353,Hasheem,Glendzer,724-223-7094
354,Garrik,Beartup,883-520-5760
355,Spence,Hanbidge,277-213-3942
356,Maurise,Ison,765-738-5118
357,Normie,Raecroft,254-454-2916
358,Anders,MacDermid,473-889-8150
359,Dwight,Aggett,158-678-6283
360,Orel,Hanley,157-304-8915
361,Danny,Braghini,682-566-0532
362,Guinevere,Paddeley,567-116-7213
363,Sharron,Assaf,501-168-5774
364,Jarid,MacCart,164-522-4569
365,Rebecca,Broadist,806-855-6309
366,Cobb,Bussel,169-319-5536
367,Madelle,Manus,360-208-7713
368,Ahmad,Enbury,975-233-9672
369,Sinclare,Showler,500-670-3446
370,Joella,Bierling,164-838-9792
371,Sherman,Scherer,500-181-6404
372,Marlo,Phalip,766-214-4592
373,Nicko,Hayton,287-498-1182
374,Roddy,Legendre,487-516-0130
375,Brynne,Cleife,973-778-6862
376,Madelene,Carrodus,907-658-7020
377,Caril,Ferreira,306-205-2850
378,Hanni,Tobias,949-487-5012
379,Marney,Varley,704-105-0801
380,Shanon,Bony,995-609-5926
381,Arden,Maling,919-545-7834
382,Briant,Cattermull,723-819-6689
383,Tymothy,Cortes,134-335-3670
384,Amber,Russan,664-891-7027
385,Engracia,Beaten,264-956-2932
386,Iolande,Rothchild,526-941-0361
387,Gisela,Brotherick,237-264-3719
388,Cyril,Brockley,183-875-2669
389,Herb,Dartnell,845-270-4097
390,Jolie,Illingworth,151-977-5639
391,Henka,Rewan,996-430-6427
392,George,Gallatly,296-804-6574
393,Karena,Nelthorpe,176-645-4624
394,Mariette,Woollin,782-793-1642
395,Ruthi,Crunden,764-464-0124
396,Erny,Noads,982-646-1695
397,Agace,Le Fevre,357-656-4121
398,Bettina,Petera,323-151-2566
399,Vincenz,Starzaker,824-405-9029
400,Welbie,Kingswood,323-593-3004
401,Maurita,Stichall,414-494-2434
402,Hedwig,Franzonetti,941-885-3216
403,Casey,Botham,853-357-3191
404,Lisette,Currm,247-869-3991
405,Delila,O' Connell,173-441-2816
406,Vonnie,Boddymead,682-839-1110
407,Dorie,Andrew,813-379-7893
408,Crissie,Bernlin,725-394-9408
409,Jolynn,Linger,563-159-0356
410,Talbert,Vickerman,150-492-9451
411,Carma,Gaffey,565-931-2691
412,Kerianne,Mugg,541-671-4611
413,Ricca,Kupisz,356-439-8672
414,Jone,Adriano,173-742-9617
415,Karlee,MacKibbon,701-311-9122
416,Gifford,Rosevear,709-293-2718
417,Cordey,Murrey,169-236-1678
418,Sashenka,Huetson,270-694-1726
419,Lian,Tash,503-848-6522
420,Mala,Brauns,379-529-4152
421,Arnaldo,Oloman,540-687-5355
422,Natala,Trimnell,787-146-9984
423,Lianna,Scrimgeour,338-329-8624
424,Alisun,Borres,326-184-0872
425,Adrea,McCromley,524-202-3181
426,Estevan,Whettleton,255-243-1913
427,Ellery,Northcott,341-896-5085
428,Karrie,Grotty,828-435-9934
429,Germain,Duell,579-552-0696
430,Crystie,Maving,595-810-1286
431,Vinnie,Briggs,913-208-4551
432,Elnar,O' Mahony,858-665-9616
433,Amandy,Sainthill,123-602-6426
434,Ophelia,Falkinder,653-153-2266
435,Melisenda,Plumley,489-753-1750
436,Stanwood,Livsey,245-295-2807
437,Winne,Ward,196-645-3444
438,Noell,McCallion,516-754-0586
439,Sybil,Matias,478-407-0845
440,Saundra,Penney,141-438-6386
441,Harriot,Cruse,169-235-8675
442,Jed,Aykroyd,929-257-9194
443,Hastings,Bartali,504-486-0876
444,Mallorie,Dumingo,584-571-0457
445,Stacey,Dudeney,129-633-9217
446,Riki,Willetts,525-902-6877
447,Kip,Bice,775-108-2098
448,Madella,M'Quhan,411-873-5372
449,Genevieve,Paulat,212-667-2760
450,Angil,Raper,713-986-9642
451,Francisco,Radke,647-391-8334
452,Padgett,Boland,565-914-5858
453,Janith,Pollak,909-186-5428
454,Kippie,Flemyng,381-947-1487
455,Eldin,Shawley,641-556-9362
456,Becki,Lineker,740-664-6084
457,Trip,Allwood,118-604-0949
458,Charmane,McCaughren,503-557-3601
459,Verla,Doctor,102-617-0527
460,Karina,Bartol,942-931-9175
461,Honoria,Daintrey,328-950-8521
462,Perl,Deboick,767-797-5994
463,Zaccaria,Adran,531-557-1658
464,Christye,Fedynski,380-390-5860
465,Eugenius,Bools,794-718-7810
466,Agretha,De Biasio,223-326-6627
467,Winston,Pantlin,990-465-2397
468,Tedi,Budcock,887-109-5859
469,Huey,De Caroli,441-912-2291
470,Candie,Bellanger,735-688-6043
471,Alvis,Verillo,513-878-7021
472,Mikey,Ricketts,724-839-0747
473,Dexter,Foxton,432-379-1391
474,Anita,Sconce,666-835-0766
475,Kincaid,Tumulty,298-945-9663
476,Walliw,Caddens,767-756-6414
477,Minerva,Jorioz,167-425-3853
478,Clarey,Laverack,420-570-0415
479,Darci,Pinsent,928-748-9402
480,Nydia,Bagworth,809-256-7916
481,Jakie,Niemetz,410-315-4685
482,Angeline,Fernihough,627-973-4051
483,Gardiner,Meak,959-873-1207
484,Fairfax,Castagno,944-272-7636
485,Aubry,Landeg,890-807-3197
486,Dugald,Cothey,529-901-4331
487,Joey,Sweetman,374-686-9875
488,Clare,Quinane,144-127-5287
489,Melania,Castel,782-574-1275
490,Nicolis,Trahearn,619-467-7060
491,Kerri,Boyse,330-894-2092
492,Ber,Blune,472-659-3189
493,Everard,Macknish,269-751-8558
494,Toiboid,Menhenitt,605-829-8199
495,Selina,Kolakovic,920-225-5529
496,Munroe,Emett,318-427-2211
497,Ferdinande,Trevenu,493-693-6888
498,Merci,Bunclark,775-618-3391
499,Dorey,Amps,976-735-9578
500,Glori,Sawney,120-386-8476
501,Sandye,Hampshaw,644-350-2479
502,Belle,Kempston,906-309-5212
503,Kalinda,L'argent,577-975-8267
504,Erin,Mold,311-715-8586
505,Renato,Lukovic,142-879-4771
506,Hilly,Dixcee,237-936-2483
507,Ross,Swabey,968-624-0371
508,Winfred,Treffry,911-449-6552
509,Aleta,Harry,491-714-8403
510,Rudyard,Carbine,587-380-8292
511,Lannie,Lewens,546-600-8698
512,Daune,Smallbone,145-493-1589
513,Joseito,Dryden,121-436-9318
514,Thea,Baurerich,933-647-1326
515,Torrence,McKinstry,414-714-0754
516,Kara-lynn,Bucknill,649-412-1010
517,Terry,Ettles,606-312-8762
518,Boothe,Pudan,942-824-8405
519,Oliviero,Frayne,781-245-9861
520,Dulcine,Gaish,798-855-8030
521,Sela,Jeaneau,259-758-3093
522,Burk,Barbera,428-529-4818
523,Emelen,Ambrosi,574-799-1073
524,Hermione,Gipps,995-700-2317
525,Ulric,Bumpus,952-671-1827
526,Kandace,Hendrickx,549-286-7070
527,Seth,Sleath,367-438-0014
528,Bradley,Splevin,466-603-1096
529,Vin,Jimpson,971-699-4827
530,Bathsheba,Kagan,677-423-9302
531,Arden,Mose,238-432-6266
532,Igor,Grubb,668-410-6629
533,Park,Goodisson,672-898-1267
534,Lanny,Castagnier,102-952-4196
535,Sydel,Bosdet,169-679-7752
536,Masha,Sonier,255-709-3803
537,Lavinia,Joiris,353-320-5320
538,Erika,Doree,389-590-9706
539,Lezlie,Bains,185-433-3224
540,Issi,Formilli,217-405-4553
541,Roseann,Trammel,907-226-5853
542,Pablo,Goning,598-916-6126
543,Felike,Pietrowicz,206-808-7747
544,Danella,Chatenier,938-925-8848
545,Kelcey,Ghidetti,778-272-1240
546,Cal,Trinke,987-264-2729
547,Amos,Swyer,239-606-1207
548,Bobbie,Edowes,166-937-7944
549,Burgess,Forten,446-169-3324
550,Scottie,Dungee,443-593-9568
551,Norene,Hagger,395-568-7546
552,Sadella,Winterbottom,330-117-7524
553,Tony,Farebrother,314-716-3663
554,Tallulah,Brownhall,594-384-4909
555,Walt,Duchasteau,646-690-2017
556,Ariadne,Loverock,304-391-4263
557,Lynnett,Szwarc,554-366-6146
558,Morgen,Wybrow,869-100-3685
559,Humberto,Besantie,459-986-5447
560,Rossy,Shellcross,316-983-9335
561,Fredric,Bruffell,152-891-0788
562,Currie,Westoll,985-548-9329
563,Belicia,Cratchley,166-412-9544
564,Sibby,Petrelli,961-639-5384
565,Malcolm,O'Feeny,551-151-8219
566,Romy,Sandwith,166-184-0517
567,Cord,Baus,471-974-9809
568,Blakeley,Grint,213-149-9727
569,Alicia,Ardy,190-125-2891
570,Klara,Tiller,515-338-3029
571,Willdon,Porrett,646-309-9738
572,Cordi,Iashvili,219-919-5584
573,Truman,Frayne,110-880-9376
574,Pavlov,Stodart,205-333-2842
575,Berget,Comi,892-475-3620
576,Kelsy,O'Rourke,308-417-6931
577,Alisander,Tallboy,968-791-0761
578,Sheila,Thay,215-393-2060
579,Timmy,Hick,199-115-7070
580,Garrik,Blyth,468-717-4814
581,Cecilius,Haskins,131-760-5264
582,Gerry,Kobelt,880-875-8355
583,Winslow,Yearnsley,881-980-5667
584,Kira,Bumpus,797-722-2334
585,Burl,Breache,840-671-5015
586,Garnet,Chippindall,893-619-2366
587,Kath,Duny,891-579-3276
588,Gareth,Loftus,770-499-3587
589,Ivor,Workes,866-367-9959
590,Arch,McOrkill,747-815-8086
591,Lynnelle,Dinsdale,481-967-0514
592,Arlyn,Capper,579-908-2040
593,Goldarina,Newe,740-733-3220
594,Arlee,Liver,219-210-6312
595,Bertie,Nenci,592-371-5188
596,Shane,Methringham,820-639-8513
597,Cassie,MacIan,125-478-6672
598,Dominik,Goldby,675-503-8033
599,Vallie,Duxbury,248-179-8323
600,Hallie,Baroux,210-926-5937
601,Drusilla,Ryhorovich,888-264-7354
602,Elwyn,Lambard,265-512-1253
603,Tillie,Hannan,115-755-1351
604,Rafaela,Lowthorpe,476-305-0057
605,Cedric,Holby,901-753-1751
606,Lyon,Tomczykiewicz,972-865-7076
607,Pandora,Andrew,701-988-6014
608,Myrtice,Bison,774-868-6593
609,Deina,Poile,101-343-3995
610,Sybille,Mapes,559-318-7068
611,Blanche,Pettus,445-933-4103
612,Dugald,Witherop,786-871-6020
613,Kial,Crilley,114-169-9665
614,Opaline,Pover,320-435-3025
615,Herby,Kell,870-551-0946
616,Nikoletta,Deards,602-988-4293
617,Karel,Duffit,499-754-8909
618,Edithe,MacGilrewy,192-460-6793
619,Monica,McGenn,743-372-4022
620,Madelaine,Horsted,192-873-2917
621,Leonid,Deschelle,279-578-4675
622,Conchita,Martinson,650-950-9310
623,Alphonso,Avramchik,295-455-5025
624,Maxie,Brazelton,845-256-8570
625,Sibel,Laxston,447-130-2046
626,Etan,Robardley,248-497-6528
627,Alison,Jurasek,551-609-2400
628,Lise,Bullerwell,587-854-2525
629,Adelbert,Vercruysse,553-277-4600
630,Rowney,Thursfield,773-378-2996
631,Sibeal,Elis,592-313-2606
632,Lorine,Flawn,889-148-2661
633,Silvan,Rendall,124-802-0179
634,Francyne,Euplate,579-883-1371
635,Geralda,Elcom,184-265-2244
636,Erinn,Scyone,559-601-6459
637,Webster,Tokley,294-869-8871
638,Adolphe,Strick,938-466-6472
639,Skipton,Giacubbo,621-727-5407
640,Marjie,Sachno,153-686-2143
641,Otes,Izat,753-365-5868
642,Desmond,Bust,507-963-8800
643,Ambrose,Tartt,904-495-1903
644,Emlyn,Durante,300-613-0305
645,Solomon,Ziebart,284-709-3207
646,Carilyn,Ledley,453-540-7132
647,Joshua,Roggeman,379-228-0833
648,Filia,Swyne,316-239-4807
649,Kiri,Stoke,472-670-1806
650,Aubine,Joutapavicius,824-599-9935
651,Shana,Hynes,581-567-9782
652,Osgood,Winkworth,287-140-6798
653,Lisle,Antonignetti,434-821-4970
654,Esma,Weine,385-890-7973
655,Al,Loyndon,219-462-1113
656,Odelia,Sharkey,849-543-2206
657,Carroll,Lipgens,674-823-4709
658,Damon,Bewlie,517-851-5183
659,Giustina,Seres,162-318-1398
660,Leisha,Seaking,144-445-4609
661,Terza,Adamsen,386-940-2520
662,Collen,Gulleford,653-510-6186
663,Tyne,Meert,405-574-0865
664,Ruggiero,Chartres,164-568-5195
665,Sunny,Seid,220-438-8023
666,Hedi,Sherebrooke,115-523-4521
667,Tish,Petyankin,613-120-4983
668,Henrieta,Garnham,362-580-9300
669,Anya,Durtnell,258-843-9327
670,Clarie,Watton,491-168-4976
671,Leonerd,Mitton,130-162-6847
672,Audrey,Jaggli,635-425-3336
673,Anna-diane,Sinderland,936-528-3295
674,Felisha,Episcopi,128-150-7996
675,Francesco,Gaber,227-857-3304
676,Faulkner,Gumery,888-778-4184
677,Orel,Cockayne,702-473-8286
678,Jonathon,Soppit,300-369-3848
679,Carlita,Valois,196-849-1369
680,Nessie,Keyse,781-827-2330
681,Marcelo,Truett,730-796-9471
682,Meaghan,Hyland,280-753-3318
683,Alano,Kunrad,779-159-7466
684,Evania,Jekel,942-851-8297
685,Devlin,Simnell,915-672-5816
686,Helaina,Conybear,510-592-8425
687,Broderic,Shepcutt,833-355-8803
688,Maurie,Seeks,288-764-4849
689,Karoline,Carder,526-154-2787
690,Vinny,Bealton,916-783-8368
691,Lorianne,Winch,549-819-1738
692,Arlyn,Rannells,951-354-2528
693,Julienne,St Ange,889-672-1963
694,Lia,Dashkovich,653-317-7244
695,Hilliard,Rowly,993-715-2973
696,Hewe,Batham,463-939-8592
697,Gloriane,Farrington,854-868-9200
698,Rochelle,Saffer,217-243-7291
699,Cirillo,Baltrushaitis,788-573-5136
700,Philomena,Louisot,827-382-7317
701,Gael,O'Carroll,291-660-3729
702,Olivero,Louth,726-850-7481
703,Gearalt,Birtwistle,686-780-0135
704,Augusta,Coarser,590-576-1680
705,Augusta,Emloch,759-397-8150
706,Nan,Ellings,458-663-3404
707,Greer,Pilmoor,724-947-1359
708,Barnard,Bullock,402-617-8155
709,Terrell,Wassell,505-696-2052
710,Jackie,Le Barre,817-356-3521
711,Tamiko,Jenkin,627-545-2228
712,Allyson,MacKomb,564-772-2481
713,Enos,Shildrick,532-239-1652
714,Ezechiel,Vasyutochkin,102-967-5227
715,Culley,Ketts,280-320-2176
716,Allegra,Sineath,956-218-3828
717,Maxine,Fewell,813-661-5232
718,Amy,Genthner,732-571-4993
719,Nikola,Gresham,346-881-2800
720,Tessi,Rosengarten,198-682-4010
721,Ashien,Bexley,446-723-6125
722,Giustino,Coulthart,181-188-1733
723,Jessamyn,Drohun,147-261-9971
724,Tymon,McKerton,632-880-3444
725,Romola,Strelitzki,818-788-4787
726,Ronny,Tight,127-580-1746
727,Catlin,Hillitt,871-332-1607
728,Enoch,Drysdale,602-340-9526
729,Joachim,Appleton,112-229-0303
730,Danie,Huxton,585-146-7899
731,Stan,Laflin,617-810-3337
732,Paige,Grubbe,454-259-7952
733,Melvyn,Aarons,533-185-7165
734,Roxane,Issitt,169-195-7849
735,Adelle,Ezzy,303-942-2575
736,Mada,Dederich,299-764-9652
737,Caro,Tellesson,581-180-9174
738,Maximo,Kyttor,994-615-4321
739,Eugen,Gianetti,119-368-6413
740,Colly,Guiel,371-243-8562
741,Tymothy,Owbridge,777-110-6774
742,Cordi,Radnage,100-235-0599
743,Sigismund,McCreath,543-438-4096
744,Mala,Sowman,632-534-5347
745,Ruthie,Phizaclea,898-252-0456
746,Fayre,Stanlack,200-605-6283
747,Munmro,Larraway,171-801-3296
748,Renado,Kohneke,960-749-9682
749,Jermayne,Stentiford,514-919-8365
750,Carine,Spellessy,132-496-7594
751,Karyn,Iannello,193-779-3768
752,Emanuele,Crambie,105-136-6236
753,Iseabal,Kaesmans,910-497-3854
754,Ardyce,Castagnaro,936-286-3156
755,Nikolas,Proswell,380-836-6283
756,Diannne,Lourens,407-229-0527
757,Ky,Penny,615-905-7497
758,Cobbie,Fattore,352-566-5583
759,Ciel,Niset,348-809-4225
760,Silvanus,Mapes,885-227-7416
761,Dawn,Coiley,339-944-3538
762,Ellary,Overil,733-532-7227
763,Jena,Forker,664-266-0174
764,Anatole,Phippard,387-345-9968
765,Teri,Serotsky,752-171-6038
766,Jarred,MacAnulty,396-942-7060
767,Jolee,Pooly,360-579-6526
768,Brok,Bygrave,478-982-6835
769,Sofia,Panyer,813-587-9366
770,Edna,Myles,592-590-2322
771,Den,Schachter,514-113-4354
772,Carlyle,Barry,989-293-2182
773,Jess,Junifer,631-178-5724
774,Cristen,Axup,500-798-7970
775,Homere,Jobe,274-744-4295
776,Bidget,Ruffle,552-838-8358
777,Yul,Deesly,599-587-3195
778,Veradis,Chart,309-509-9446
779,Francisca,Runnicles,787-282-3964
780,Welby,Longmuir,342-892-7020
781,Sher,Ribbens,589-701-2043
782,Reeba,Curm,727-797-9770
783,Ardelis,Elix,752-206-7792
784,Rosalia,Lorentzen,957-506-3068
785,Aldrich,Andreini,966-373-7978
786,Katheryn,Blasiak,843-482-1457
787,Lisette,Mathys,560-546-6788
788,Marmaduke,Bendall,904-747-6973
789,Donnamarie,Halley,634-992-0118
790,Nobie,Dunphie,701-293-1151
791,Austin,Sey,634-588-2567
792,Alonso,Raiment,524-622-0629
793,Jelene,Withams,711-147-8082
794,Vikki,Agutter,530-589-0941
795,Grata,Lendrem,316-369-6522
796,Broderick,Edgworth,106-962-1043
797,Shem,Pirson,270-886-5387
798,Tommy,Domleo,618-578-3634
799,Paco,Rouf,513-549-3663
800,Fidole,Gallant,802-895-0867
801,El,Stevenson,241-149-8602
802,Dedie,Kuhnke,264-178-9263
803,Brett,Owain,428-710-1335
804,Veronique,Cheetam,635-439-2299
805,Hetti,Pollok,492-489-8088
806,Mina,Custance,274-393-1662
807,Romy,Priestman,421-742-1106
808,Etta,Hewes,350-283-2067
809,Jacquenetta,Bean,660-910-4362
810,Abran,Dickerson,187-949-8371
811,Rowena,Mussetti,120-917-7055
812,Matilda,Madgwick,778-714-0361
813,Doe,Bowling,151-968-3959
814,Perry,Bugg,500-100-6508
815,Christoper,Blowers,113-788-4939
816,Desi,Acklands,558-807-5318
817,Birk,Farragher,659-379-5434
818,Miguelita,Calderon,696-711-0925
819,Cornell,Leethem,250-640-0051
820,Abagail,Milsted,647-421-6773
821,Karel,Ivan,516-560-8906
822,Travers,Dodell,419-492-5897
823,Caty,Prevett,168-815-9231
824,Tobe,Wilcher,221-964-2744
825,Luigi,Kerr,422-212-7260
826,Dollie,Guiducci,168-826-3003
827,Reeba,Ausher,687-975-5282
828,Way,Asman,235-177-6070
829,Renado,Mozzetti,271-688-5841
830,Sterne,Gannan,947-859-0207
831,Scotty,Bassano,642-256-3887
832,Celine,Horsell,417-814-7788
833,Keelby,Tennant,567-550-4722
834,Cullie,Cutten,592-312-3795
835,Berte,Ghost,742-598-6252
836,Gerda,Marns,923-863-8619
837,Tibold,Weavers,699-402-6061
838,Zackariah,Debling,354-176-7116
839,Sharline,Ferney,316-739-5412
840,Melonie,Chance,887-373-6197
841,Rubina,Blencoe,652-264-9540
842,Sarette,Corssen,702-820-4464
843,Allianora,Eisikovitsh,493-702-9994
844,Dave,Buddles,115-532-3024
845,Cordi,Skerrett,122-507-6831
846,Tye,Geraudel,187-804-4665
847,Maria,Thurner,127-494-9005
848,Hilda,Kendred,421-522-3583
849,Odessa,Melonby,141-888-2627
850,Elga,Forrest,321-511-8231
851,Petunia,Lowings,709-585-4538
852,Gleda,Blaylock,302-258-9193
853,Loella,Koche,708-617-5178
854,Koral,Thomasset,659-243-8186
855,Cozmo,Oglesbee,333-244-5012
856,Verile,Folli,770-775-9133
857,Doti,Glader,328-732-4627
858,Dale,Burston,657-486-1657
859,Robina,Gosse,587-512-7284
860,Fabio,Dingate,235-906-4947
861,Sinclair,Jandl,819-173-5076
862,Aeriela,Rubinsaft,391-987-2829
863,Addison,Ritchie,480-697-2624
864,Si,Purdy,551-774-5610
865,Jamill,Filyukov,887-680-9210
866,Zaria,Oxbrough,170-823-5414
867,Lewie,Maryan,543-903-9155
868,Werner,Proven,108-266-2546
869,Delano,Bootland,273-318-3509
870,Greg,Malim,347-442-4807
871,Anders,Kwietak,834-185-5606
872,Ewart,Ruck,611-981-4273
873,Fancie,Rosbotham,350-916-1839
874,Ellery,Anthonsen,778-585-7496
875,Gerik,Childs,386-620-3283
876,Wilbur,Janowski,775-290-9464
877,Celina,Placide,680-428-7166
878,Calida,Whyborn,294-695-8778
879,Richard,Paulmann,371-192-8956
880,Melvin,Harlin,512-802-5390
881,Ardra,Davley,520-313-8978
882,Farlie,Goodfellowe,717-863-6076
883,Tye,Mackro,136-279-2776
884,Hernando,Clutton,397-203-7791
885,Delainey,Chooter,507-417-0353
886,Kendall,Poynser,339-938-5991
887,Salim,Birrel,640-349-0442
888,Ernaline,Akast,162-907-5725
889,Samaria,Ort,965-783-1984
890,Derby,Tappington,183-871-8745
891,Osbert,Crockett,925-665-9438
892,Porter,Marrow,844-314-1456
893,Hulda,Firks,744-310-7158
894,Dorothea,Pemberton,400-358-0035
895,Hartwell,Gout,704-978-6337
896,Riannon,Keirle,310-383-5456
897,Allene,Humphris,264-365-0809
898,Marian,Hugenin,631-558-0899
899,Shirlene,Vause,184-999-6420
900,Katey,Worton,296-486-4788
901,Roberta,Gumey,782-194-3471
902,Muire,Brislawn,262-386-5312
903,Lissy,Attwood,633-851-3721
904,Nelie,Gooderick,300-509-2621
905,Vannie,Fussell,347-623-4426
906,Doria,Cullip,463-126-2109
907,Ranna,Kopecka,666-998-5674
908,Nedi,Pennington,128-860-0506
909,Eloisa,Cescot,270-191-0556
910,Prent,Ravens,374-160-8653
911,Christal,Moger,310-244-7791
912,Kathleen,Van den Velde,510-285-2791
913,Wallas,Hitzmann,204-400-5641
914,Otis,Blenkin,812-497-1532
915,Aharon,Jentges,292-133-6691
916,Becky,McCullouch,800-888-9169
917,Cori,Cooch,284-121-0302
918,Gavrielle,Keen,462-838-3580
919,Bay,Petherick,396-488-4504
920,Rosette,Teligin,133-170-6784
921,Marthena,Jancic,143-137-5400
922,Merissa,Matejovsky,581-375-8152
923,Garrett,McGaughey,543-387-1548
924,Glynn,Trippett,636-109-6640
925,Conchita,Dri,958-864-1315
926,Gunter,Raithby,534-917-7764
927,Renado,Molesworth,760-677-2986
928,Josey,Rylett,472-384-0517
929,Adoree,Deeley,150-471-3273
930,Kittie,Eastmond,316-832-4332
931,Ortensia,Copcote,920-325-6348
932,Vivie,Blundan,851-440-4342
933,Irma,Dunne,936-469-5409
934,Patton,Janaud,441-491-3640
935,Louisa,Meigh,909-389-7568
936,Idelle,Deakan,646-866-0515
937,Ysabel,Revey,607-935-9189
938,Martin,Shea,589-921-1043
939,Erhart,Limming,333-905-5633
940,Rebekkah,Jubert,279-447-8304
941,Maurine,Armell,956-960-0206
942,Kaiser,Cooch,494-907-2995
943,Lesley,Hof,665-852-5059
944,Gertie,Powner,293-676-5733
945,Xever,Habden,991-928-7937
946,Maye,Jeste,390-979-0131
947,Charyl,Yitzhak,698-802-6198
948,Gannon,Callis,949-385-2774
949,Florina,Gemmill,978-931-3119
950,Amalea,Pickersgill,530-549-4396
951,Vanna,Rawls,656-502-5790
952,Ilysa,O'Cullinane,216-615-2782
953,Jareb,Vale,715-640-8170
954,Letta,Mingus,931-572-3531
955,Emmaline,Caherny,184-213-8202
956,Jenn,Greenside,394-815-0044
957,Gordon,Feather,906-225-5279
958,Albie,Anstee,783-189-1212
959,Ainsley,Peile,746-533-7332
960,Gert,Di Nisco,989-751-5074
961,Efrem,Planks,925-430-7879
962,Antony,Scoffham,954-907-4164
963,Mariam,Coenraets,800-240-5547
964,Hy,Portriss,267-297-2651
965,Percival,Stillman,295-963-5245
966,Cam,Edgler,624-915-5634
967,Casi,Hartman,418-236-4658
968,Paquito,Tomasini,847-761-9967
969,Harvey,Spritt,330-877-8056
970,Lorettalorna,Hasted,760-247-9085
971,Darill,Rampage,266-541-9970
972,Xymenes,Govey,307-864-2061
973,Tristan,Duffett,138-576-8774
974,Raoul,Coveny,553-513-9896
975,Fannie,O'Cleary,649-818-2981
976,Orran,Lief,864-929-3176
977,Chuck,Finding,462-353-7675
978,Leonelle,Garie,460-424-2338
979,Kate,Lomb,749-869-0542
980,Liv,Meanwell,945-520-2767
981,Vasili,Hasney,343-283-0403
982,Garek,Karlmann,734-742-8531
983,Kimmi,Rogerson,809-289-5391
984,Josefina,Carlino,721-187-9521
985,Joscelin,Kapelhoff,902-810-8325
986,Guenna,Siggins,158-909-9592
987,Lucky,Suckling,675-807-7376
988,Wenda,Sheron,947-430-9746
989,Clara,Rembrant,417-478-3000
990,Marijn,Clubley,744-787-1417
991,Rosella,Physic,555-686-2197
992,Eliot,Sambells,407-901-6111
993,Marshall,Franey,259-872-1880
994,Sherye,Bartolomeo,880-371-4448
995,Christin,Dowgill,550-148-2807
996,Haleigh,Schoales,108-880-0344
997,Gherardo,Toope,291-884-9290
998,Ezri,Keith,535-406-5632
999,Pavlov,Achurch,205-321-7944
1000,Federica,Matcham,804-891-9656